-- phpMyAdmin SQL Dump
-- version 4.1.12
-- http://www.phpmyadmin.net
--
-- Host: 127.0.0.1
-- Generation Time: Aug 15, 2018 at 03:22 PM
-- Server version: 5.5.36
-- PHP Version: 5.4.27

SET SQL_MODE = "NO_AUTO_VALUE_ON_ZERO";
SET time_zone = "+00:00";


/*!40101 SET @OLD_CHARACTER_SET_CLIENT=@@CHARACTER_SET_CLIENT */;
/*!40101 SET @OLD_CHARACTER_SET_RESULTS=@@CHARACTER_SET_RESULTS */;
/*!40101 SET @OLD_COLLATION_CONNECTION=@@COLLATION_CONNECTION */;
/*!40101 SET NAMES utf8 */;

--
-- Database: `employees`
--

-- --------------------------------------------------------

--
-- Table structure for table `analisa_alternatif`
--

CREATE TABLE IF NOT EXISTS `analisa_alternatif` (
  `alternatif_pertama` varchar(4) NOT NULL,
  `nilai_analisa_alternatif` double NOT NULL,
  `hasil_analisa_alternatif` double NOT NULL,
  `alternatif_kedua` varchar(4) NOT NULL,
  `id_kriteria` varchar(2) NOT NULL,
  PRIMARY KEY (`alternatif_pertama`,`alternatif_kedua`,`id_kriteria`),
  KEY `alternatif_kedua` (`alternatif_kedua`),
  KEY `id_kriteria` (`id_kriteria`)
) ENGINE=InnoDB DEFAULT CHARSET=latin1;

--
-- Dumping data for table `analisa_alternatif`
--

INSERT INTO `analisa_alternatif` (`alternatif_pertama`, `nilai_analisa_alternatif`, `hasil_analisa_alternatif`, `alternatif_kedua`, `id_kriteria`) VALUES
('A005', 1, 0.18953068592058, 'A005', 'C1'),
('A005', 1, 0.17543859649123, 'A005', 'C2'),
('A005', 1, 0.047178690715292, 'A005', 'C3'),
('A005', 1, 0.048830047971175, 'A005', 'C4'),
('A005', 1, 0.061213235294118, 'A005', 'C5'),
('A005', 1, 0.18567639257294, 'A006', 'C1'),
('A005', 3, 0.13432835820896, 'A006', 'C2'),
('A005', 5, 0.13514970940216, 'A006', 'C3'),
('A005', 7, 0.18421531107089, 'A006', 'C4'),
('A005', 0.5, 0.043772592836017, 'A006', 'C5'),
('A005', 5, 0.20661157024793, 'A009', 'C1'),
('A005', 2, 0.13477688960842, 'A009', 'C2'),
('A005', 0.5, 0.042243990633759, 'A009', 'C3'),
('A005', 0.2, 0.036170706181443, 'A009', 'C4'),
('A005', 0.5, 0.055658627087199, 'A009', 'C5'),
('A005', 5, 0.21097046413502, 'A012', 'C1'),
('A005', 2, 0.24785185753058, 'A012', 'C2'),
('A005', 0.25, 0.039248503135166, 'A012', 'C3'),
('A005', 0.333, 0.031122464874295, 'A012', 'C4'),
('A005', 0.333, 0.054569263581418, 'A012', 'C5'),
('A005', 3, 0.32490974729242, 'A015', 'C1'),
('A005', 2, 0.13556562007023, 'A015', 'C2'),
('A005', 1, 0.054794520547945, 'A015', 'C3'),
('A005', 3, 0.12857326533236, 'A015', 'C4'),
('A005', 2, 0.074098699665156, 'A015', 'C5'),
('A005', 7, 0.14895833333333, 'A019', 'C1'),
('A005', 0.5, 0.13828708398636, 'A019', 'C2'),
('A005', 0.143, 0.045368020304569, 'A019', 'C3'),
('A005', 0.2, 0.065402223675605, 'A019', 'C4'),
('A005', 0.2, 0.066305669134711, 'A019', 'C5'),
('A005', 5, 0.19083969465649, 'A022', 'C1'),
('A005', 3, 0.25352112676056, 'A022', 'C2'),
('A005', 0.333, 0.038797623208668, 'A022', 'C3'),
('A005', 0.5, 0.037037037037037, 'A022', 'C4'),
('A005', 0.5, 0.040541636260439, 'A022', 'C5'),
('A005', 0.5, 0.14522218995062, 'A025', 'C1'),
('A005', 5, 0.16127469972879, 'A025', 'C2'),
('A005', 0.5, 0.044444444444444, 'A025', 'C3'),
('A005', 0.5, 0.027273223149512, 'A025', 'C4'),
('A005', 2, 0.071428571428571, 'A025', 'C5'),
('A005', 5, 0.22026431718062, 'A026', 'C1'),
('A005', 3, 0.25352826840193, 'A026', 'C2'),
('A005', 1, 0.065573770491803, 'A026', 'C3'),
('A005', 0.5, 0.029411764705882, 'A026', 'C4'),
('A005', 3, 0.10714285714286, 'A026', 'C5'),
('A006', 1, 0.18953068592058, 'A005', 'C1'),
('A006', 0.33333333333333, 0.058479532163742, 'A005', 'C2'),
('A006', 0.2, 0.0094357381430585, 'A005', 'C3'),
('A006', 0.14285714285714, 0.0069757211387392, 'A005', 'C4'),
('A006', 2, 0.12242647058824, 'A005', 'C5'),
('A006', 1, 0.18567639257294, 'A006', 'C1'),
('A006', 1, 0.044776119402985, 'A006', 'C2'),
('A006', 1, 0.027029941880431, 'A006', 'C3'),
('A006', 1, 0.026316473010127, 'A006', 'C4'),
('A006', 1, 0.087545185672034, 'A006', 'C5'),
('A006', 5, 0.20661157024793, 'A009', 'C1'),
('A006', 0.5, 0.033694222402105, 'A009', 'C2'),
('A006', 0.333, 0.028134497762083, 'A009', 'C3'),
('A006', 0.143, 0.025862054919732, 'A009', 'C4'),
('A006', 0.5, 0.055658627087199, 'A009', 'C5'),
('A006', 5, 0.21097046413502, 'A012', 'C1'),
('A006', 0.2, 0.024785185753058, 'A012', 'C2'),
('A006', 0.2, 0.031398802508133, 'A012', 'C3'),
('A006', 0.2, 0.018692171095673, 'A012', 'C4'),
('A006', 0.333, 0.054569263581418, 'A012', 'C5'),
('A006', 2, 0.21660649819495, 'A015', 'C1'),
('A006', 0.5, 0.033891405017556, 'A015', 'C2'),
('A006', 0.25, 0.013698630136986, 'A015', 'C3'),
('A006', 0.333, 0.014271632451892, 'A015', 'C4'),
('A006', 4, 0.14819739933031, 'A015', 'C5'),
('A006', 7, 0.14895833333333, 'A019', 'C1'),
('A006', 0.2, 0.055314833594542, 'A019', 'C2'),
('A006', 0.143, 0.045368020304569, 'A019', 'C3'),
('A006', 0.125, 0.040876389797253, 'A019', 'C4'),
('A006', 0.333, 0.11039893910929, 'A019', 'C5'),
('A006', 7, 0.26717557251908, 'A022', 'C1'),
('A006', 0.5, 0.042253521126761, 'A022', 'C2'),
('A006', 0.25, 0.029127344751252, 'A022', 'C3'),
('A006', 0.5, 0.037037037037037, 'A022', 'C4'),
('A006', 1, 0.081083272520879, 'A022', 'C5'),
('A006', 0.5, 0.14522218995062, 'A025', 'C1'),
('A006', 3, 0.096764819837272, 'A025', 'C2'),
('A006', 0.25, 0.022222222222222, 'A025', 'C3'),
('A006', 0.333, 0.018163966617575, 'A025', 'C4'),
('A006', 3, 0.10714285714286, 'A025', 'C5'),
('A006', 5, 0.22026431718062, 'A026', 'C1'),
('A006', 0.5, 0.042254711400321, 'A026', 'C2'),
('A006', 0.25, 0.016393442622951, 'A026', 'C3'),
('A006', 0.5, 0.029411764705882, 'A026', 'C4'),
('A006', 3, 0.10714285714286, 'A026', 'C5'),
('A009', 0.2, 0.037906137184116, 'A005', 'C1'),
('A009', 0.5, 0.087719298245614, 'A005', 'C2'),
('A009', 2, 0.094357381430585, 'A005', 'C3'),
('A009', 5, 0.24415023985588, 'A005', 'C4'),
('A009', 2, 0.12242647058824, 'A005', 'C5'),
('A009', 0.2, 0.037135278514589, 'A006', 'C1'),
('A009', 2, 0.08955223880597, 'A006', 'C2'),
('A009', 3.003003003003, 0.081170996637931, 'A006', 'C3'),
('A009', 6.993006993007, 0.1840312797911, 'A006', 'C4'),
('A009', 2, 0.17509037134407, 'A006', 'C5'),
('A009', 1, 0.041322314049587, 'A009', 'C1'),
('A009', 1, 0.067388444804209, 'A009', 'C2'),
('A009', 1, 0.084487981267518, 'A009', 'C3'),
('A009', 1, 0.18085353090722, 'A009', 'C4'),
('A009', 1, 0.1113172541744, 'A009', 'C5'),
('A009', 1, 0.042194092827004, 'A012', 'C1'),
('A009', 0.333, 0.041267334278842, 'A012', 'C2'),
('A009', 0.5, 0.078497006270332, 'A012', 'C3'),
('A009', 3, 0.28038256643509, 'A012', 'C4'),
('A009', 0.5, 0.08193583120333, 'A012', 'C5'),
('A009', 0.25, 0.027075812274368, 'A015', 'C1'),
('A009', 1, 0.067782810035113, 'A015', 'C2'),
('A009', 2, 0.10958904109589, 'A015', 'C3'),
('A009', 5, 0.21428877555394, 'A015', 'C4'),
('A009', 5, 0.18524674916289, 'A015', 'C5'),
('A009', 5, 0.10639880952381, 'A019', 'C1'),
('A009', 0.333, 0.092099197934913, 'A019', 'C2'),
('A009', 0.333, 0.10564720812183, 'A019', 'C3'),
('A009', 0.333, 0.10889470241988, 'A019', 'C4'),
('A009', 0.25, 0.082882086418389, 'A019', 'C5'),
('A009', 1, 0.038167938931298, 'A022', 'C1'),
('A009', 0.5, 0.042253521126761, 'A022', 'C2'),
('A009', 0.5, 0.058254689502505, 'A022', 'C3'),
('A009', 4, 0.2962962962963, 'A022', 'C4'),
('A009', 3, 0.24324981756264, 'A022', 'C5'),
('A009', 0.2, 0.05808887598025, 'A025', 'C1'),
('A009', 3, 0.096764819837272, 'A025', 'C2'),
('A009', 0.5, 0.044444444444444, 'A025', 'C3'),
('A009', 5, 0.27273223149512, 'A025', 'C4'),
('A009', 5, 0.17857142857143, 'A025', 'C5'),
('A009', 0.5, 0.022026431718062, 'A026', 'C1'),
('A009', 0.5, 0.042254711400321, 'A026', 'C2'),
('A009', 2, 0.13114754098361, 'A026', 'C3'),
('A009', 5, 0.29411764705882, 'A026', 'C4'),
('A009', 4, 0.14285714285714, 'A026', 'C5'),
('A012', 0.2, 0.037906137184116, 'A005', 'C1'),
('A012', 0.5, 0.087719298245614, 'A005', 'C2'),
('A012', 4, 0.18871476286117, 'A005', 'C3'),
('A012', 3.003003003003, 0.14663678069422, 'A005', 'C4'),
('A012', 3.003003003003, 0.18382352941176, 'A005', 'C5'),
('A012', 0.2, 0.037135278514589, 'A006', 'C1'),
('A012', 5, 0.22388059701493, 'A006', 'C2'),
('A012', 5, 0.13514970940216, 'A006', 'C3'),
('A012', 5, 0.13158236505064, 'A006', 'C4'),
('A012', 3.003003003003, 0.26289845547157, 'A006', 'C5'),
('A012', 1, 0.041322314049587, 'A009', 'C1'),
('A012', 3.003003003003, 0.20236770211474, 'A009', 'C2'),
('A012', 2, 0.16897596253504, 'A009', 'C3'),
('A012', 0.33333333333333, 0.060284510302405, 'A009', 'C4'),
('A012', 2, 0.22263450834879, 'A009', 'C5'),
('A012', 1, 0.042194092827004, 'A012', 'C1'),
('A012', 1, 0.12392592876529, 'A012', 'C2'),
('A012', 1, 0.15699401254066, 'A012', 'C3'),
('A012', 1, 0.093460855478364, 'A012', 'C4'),
('A012', 1, 0.16387166240666, 'A012', 'C5'),
('A012', 0.25, 0.027075812274368, 'A015', 'C1'),
('A012', 3, 0.20334843010534, 'A015', 'C2'),
('A012', 4, 0.21917808219178, 'A015', 'C3'),
('A012', 3, 0.12857326533236, 'A015', 'C4'),
('A012', 5, 0.18524674916289, 'A015', 'C5'),
('A012', 5, 0.10639880952381, 'A019', 'C1'),
('A012', 0.333, 0.092099197934913, 'A019', 'C2'),
('A012', 0.333, 0.10564720812183, 'A019', 'C3'),
('A012', 0.2, 0.065402223675605, 'A019', 'C4'),
('A012', 0.333, 0.11039893910929, 'A019', 'C5'),
('A012', 2, 0.076335877862595, 'A022', 'C1'),
('A012', 2, 0.16901408450704, 'A022', 'C2'),
('A012', 2, 0.23301875801002, 'A022', 'C3'),
('A012', 3, 0.22222222222222, 'A022', 'C4'),
('A012', 3, 0.24324981756264, 'A022', 'C5'),
('A012', 0.2, 0.05808887598025, 'A025', 'C1'),
('A012', 5, 0.16127469972879, 'A025', 'C2'),
('A012', 3, 0.26666666666667, 'A025', 'C3'),
('A012', 4, 0.21818578519609, 'A025', 'C4'),
('A012', 5, 0.17857142857143, 'A025', 'C5'),
('A012', 0.5, 0.022026431718062, 'A026', 'C1'),
('A012', 2, 0.16901884560128, 'A026', 'C2'),
('A012', 3, 0.19672131147541, 'A026', 'C3'),
('A012', 4, 0.23529411764706, 'A026', 'C4'),
('A012', 5, 0.17857142857143, 'A026', 'C5'),
('A015', 0.33333333333333, 0.063176895306859, 'A005', 'C1'),
('A015', 0.5, 0.087719298245614, 'A005', 'C2'),
('A015', 1, 0.047178690715292, 'A005', 'C3'),
('A015', 0.33333333333333, 0.016276682657058, 'A005', 'C4'),
('A015', 0.5, 0.030606617647059, 'A005', 'C5'),
('A015', 0.5, 0.092838196286472, 'A006', 'C1'),
('A015', 2, 0.08955223880597, 'A006', 'C2'),
('A015', 4, 0.10811976752172, 'A006', 'C3'),
('A015', 3.003003003003, 0.07902844747786, 'A006', 'C4'),
('A015', 0.25, 0.021886296418009, 'A006', 'C5'),
('A015', 4, 0.16528925619835, 'A009', 'C1'),
('A015', 1, 0.067388444804209, 'A009', 'C2'),
('A015', 0.5, 0.042243990633759, 'A009', 'C3'),
('A015', 0.2, 0.036170706181443, 'A009', 'C4'),
('A015', 0.2, 0.022263450834879, 'A009', 'C5'),
('A015', 4, 0.16877637130802, 'A012', 'C1'),
('A015', 0.33333333333333, 0.041308642921764, 'A012', 'C2'),
('A015', 0.25, 0.039248503135166, 'A012', 'C3'),
('A015', 0.33333333333333, 0.031153618492788, 'A012', 'C4'),
('A015', 0.2, 0.032774332481332, 'A012', 'C5'),
('A015', 1, 0.10830324909747, 'A015', 'C1'),
('A015', 1, 0.067782810035113, 'A015', 'C2'),
('A015', 1, 0.054794520547945, 'A015', 'C3'),
('A015', 1, 0.042857755110787, 'A015', 'C4'),
('A015', 1, 0.037049349832578, 'A015', 'C5'),
('A015', 5, 0.10639880952381, 'A019', 'C1'),
('A015', 0.333, 0.092099197934913, 'A019', 'C2'),
('A015', 0.2, 0.063451776649746, 'A019', 'C3'),
('A015', 0.2, 0.065402223675605, 'A019', 'C4'),
('A015', 0.167, 0.055365233727484, 'A019', 'C5'),
('A015', 3, 0.11450381679389, 'A022', 'C1'),
('A015', 0.5, 0.042253521126761, 'A022', 'C2'),
('A015', 0.5, 0.058254689502505, 'A022', 'C3'),
('A015', 0.5, 0.037037037037037, 'A022', 'C4'),
('A015', 0.333, 0.027000729749453, 'A022', 'C5'),
('A015', 0.5, 0.14522218995062, 'A025', 'C1'),
('A015', 4, 0.12901975978303, 'A025', 'C2'),
('A015', 0.5, 0.044444444444444, 'A025', 'C3'),
('A015', 0.5, 0.027273223149512, 'A025', 'C4'),
('A015', 2, 0.071428571428571, 'A025', 'C5'),
('A015', 5, 0.22026431718062, 'A026', 'C1'),
('A015', 0.5, 0.042254711400321, 'A026', 'C2'),
('A015', 1, 0.065573770491803, 'A026', 'C3'),
('A015', 0.5, 0.029411764705882, 'A026', 'C4'),
('A015', 2, 0.071428571428571, 'A026', 'C5'),
('A019', 0.14285714285714, 0.027075812274368, 'A005', 'C1'),
('A019', 2, 0.35087719298246, 'A005', 'C2'),
('A019', 6.993006993007, 0.32992091409295, 'A005', 'C3'),
('A019', 5, 0.24415023985588, 'A005', 'C4'),
('A019', 5, 0.30606617647059, 'A005', 'C5'),
('A019', 0.14285714285714, 0.026525198938992, 'A006', 'C1'),
('A019', 5, 0.22388059701493, 'A006', 'C2'),
('A019', 6.993006993007, 0.18902057259043, 'A006', 'C3'),
('A019', 8, 0.21053178408102, 'A006', 'C4'),
('A019', 3.003003003003, 0.26289845547157, 'A006', 'C5'),
('A019', 0.2, 0.0082644628099174, 'A009', 'C1'),
('A019', 3.003003003003, 0.20236770211474, 'A009', 'C2'),
('A019', 3.003003003003, 0.25371766146402, 'A009', 'C3'),
('A019', 3.003003003003, 0.54310369641807, 'A009', 'C4'),
('A019', 4, 0.44526901669759, 'A009', 'C5'),
('A019', 0.2, 0.0084388185654008, 'A012', 'C1'),
('A019', 3.003003003003, 0.37214993623211, 'A012', 'C2'),
('A019', 3.003003003003, 0.4714534911131, 'A012', 'C3'),
('A019', 5, 0.46730427739182, 'A012', 'C4'),
('A019', 3.003003003003, 0.49210709431429, 'A012', 'C5'),
('A019', 0.2, 0.021660649819495, 'A015', 'C1'),
('A019', 3.003003003003, 0.20355198208743, 'A015', 'C2'),
('A019', 5, 0.27397260273973, 'A015', 'C3'),
('A019', 5, 0.21428877555394, 'A015', 'C4'),
('A019', 5.9880239520958, 0.22185239420705, 'A015', 'C5'),
('A019', 1, 0.021279761904762, 'A019', 'C1'),
('A019', 1, 0.27657416797271, 'A019', 'C2'),
('A019', 1, 0.31725888324873, 'A019', 'C3'),
('A019', 1, 0.32701111837803, 'A019', 'C4'),
('A019', 1, 0.33152834567356, 'A019', 'C5'),
('A019', 0.2, 0.0076335877862595, 'A022', 'C1'),
('A019', 3, 0.25352112676056, 'A022', 'C2'),
('A019', 3, 0.34952813701503, 'A022', 'C3'),
('A019', 3, 0.22222222222222, 'A022', 'C4'),
('A019', 3, 0.24324981756264, 'A022', 'C5'),
('A019', 0.143, 0.041533546325879, 'A025', 'C1'),
('A019', 4, 0.12901975978303, 'A025', 'C2'),
('A019', 3, 0.26666666666667, 'A025', 'C3'),
('A019', 3, 0.16363933889707, 'A025', 'C4'),
('A019', 5, 0.17857142857143, 'A025', 'C5'),
('A019', 0.2, 0.0088105726872247, 'A026', 'C1'),
('A019', 3, 0.25352826840193, 'A026', 'C2'),
('A019', 3, 0.19672131147541, 'A026', 'C3'),
('A019', 3, 0.17647058823529, 'A026', 'C4'),
('A019', 5, 0.17857142857143, 'A026', 'C5'),
('A022', 0.2, 0.037906137184116, 'A005', 'C1'),
('A022', 0.33333333333333, 0.058479532163742, 'A005', 'C2'),
('A022', 3.003003003003, 0.14167774989577, 'A005', 'C3'),
('A022', 2, 0.097660095942351, 'A005', 'C4'),
('A022', 2, 0.12242647058824, 'A005', 'C5'),
('A022', 0.14285714285714, 0.026525198938992, 'A006', 'C1'),
('A022', 2, 0.08955223880597, 'A006', 'C2'),
('A022', 4, 0.10811976752172, 'A006', 'C3'),
('A022', 2, 0.052632946020254, 'A006', 'C4'),
('A022', 1, 0.087545185672034, 'A006', 'C5'),
('A022', 1, 0.041322314049587, 'A009', 'C1'),
('A022', 2, 0.13477688960842, 'A009', 'C2'),
('A022', 2, 0.16897596253504, 'A009', 'C3'),
('A022', 0.25, 0.045213382726804, 'A009', 'C4'),
('A022', 0.33333333333333, 0.037105751391465, 'A009', 'C5'),
('A022', 0.5, 0.021097046413502, 'A012', 'C1'),
('A022', 0.5, 0.061962964382646, 'A012', 'C2'),
('A022', 0.5, 0.078497006270332, 'A012', 'C3'),
('A022', 0.33333333333333, 0.031153618492788, 'A012', 'C4'),
('A022', 0.33333333333333, 0.054623887468886, 'A012', 'C5'),
('A022', 0.33333333333333, 0.036101083032491, 'A015', 'C1'),
('A022', 2, 0.13556562007023, 'A015', 'C2'),
('A022', 2, 0.10958904109589, 'A015', 'C3'),
('A022', 2, 0.085715510221575, 'A015', 'C4'),
('A022', 3.003003003003, 0.11125930880654, 'A015', 'C5'),
('A022', 5, 0.10639880952381, 'A019', 'C1'),
('A022', 0.33333333333333, 0.092191389324236, 'A019', 'C2'),
('A022', 0.33333333333333, 0.10575296108291, 'A019', 'C3'),
('A022', 0.33333333333333, 0.10900370612601, 'A019', 'C4'),
('A022', 0.33333333333333, 0.11050944855785, 'A019', 'C5'),
('A022', 1, 0.038167938931298, 'A022', 'C1'),
('A022', 1, 0.084507042253521, 'A022', 'C2'),
('A022', 1, 0.11650937900501, 'A022', 'C3'),
('A022', 1, 0.074074074074074, 'A022', 'C4'),
('A022', 1, 0.081083272520879, 'A022', 'C5'),
('A022', 0.2, 0.05808887598025, 'A025', 'C1'),
('A022', 3, 0.096764819837272, 'A025', 'C2'),
('A022', 2, 0.17777777777778, 'A025', 'C3'),
('A022', 2, 0.10909289259805, 'A025', 'C4'),
('A022', 4, 0.14285714285714, 'A025', 'C5'),
('A022', 0.5, 0.022026431718062, 'A026', 'C1'),
('A022', 1, 0.084509422800642, 'A026', 'C2'),
('A022', 2, 0.13114754098361, 'A026', 'C3'),
('A022', 2, 0.11764705882353, 'A026', 'C4'),
('A022', 4, 0.14285714285714, 'A026', 'C5'),
('A025', 2, 0.37906137184116, 'A005', 'C1'),
('A025', 0.2, 0.035087719298246, 'A005', 'C2'),
('A025', 2, 0.094357381430585, 'A005', 'C3'),
('A025', 2, 0.097660095942351, 'A005', 'C4'),
('A025', 0.5, 0.030606617647059, 'A005', 'C5'),
('A025', 2, 0.37135278514589, 'A006', 'C1'),
('A025', 0.33333333333333, 0.014925373134328, 'A006', 'C2'),
('A025', 4, 0.10811976752172, 'A006', 'C3'),
('A025', 3.003003003003, 0.07902844747786, 'A006', 'C4'),
('A025', 0.33333333333333, 0.029181728557344, 'A006', 'C5'),
('A025', 5, 0.20661157024793, 'A009', 'C1'),
('A025', 0.33333333333333, 0.022462814934736, 'A009', 'C2'),
('A025', 2, 0.16897596253504, 'A009', 'C3'),
('A025', 0.2, 0.036170706181443, 'A009', 'C4'),
('A025', 0.2, 0.022263450834879, 'A009', 'C5'),
('A025', 5, 0.21097046413502, 'A012', 'C1'),
('A025', 0.2, 0.024785185753058, 'A012', 'C2'),
('A025', 0.33333333333333, 0.052331337513554, 'A012', 'C3'),
('A025', 0.25, 0.023365213869591, 'A012', 'C4'),
('A025', 0.2, 0.032774332481332, 'A012', 'C5'),
('A025', 2, 0.21660649819495, 'A015', 'C1'),
('A025', 0.25, 0.016945702508778, 'A015', 'C2'),
('A025', 2, 0.10958904109589, 'A015', 'C3'),
('A025', 2, 0.085715510221575, 'A015', 'C4'),
('A025', 0.5, 0.018524674916289, 'A015', 'C5'),
('A025', 6.993006993007, 0.14880952380952, 'A019', 'C1'),
('A025', 0.25, 0.069143541993178, 'A019', 'C2'),
('A025', 0.33333333333333, 0.10575296108291, 'A019', 'C3'),
('A025', 0.33333333333333, 0.10900370612601, 'A019', 'C4'),
('A025', 0.2, 0.066305669134711, 'A019', 'C5'),
('A025', 5, 0.19083969465649, 'A022', 'C1'),
('A025', 0.33333333333333, 0.028169014084507, 'A022', 'C2'),
('A025', 0.5, 0.058254689502505, 'A022', 'C3'),
('A025', 0.5, 0.037037037037037, 'A022', 'C4'),
('A025', 0.25, 0.02027081813022, 'A022', 'C5'),
('A025', 1, 0.29044437990125, 'A025', 'C1'),
('A025', 1, 0.032254939945757, 'A025', 'C2'),
('A025', 1, 0.088888888888889, 'A025', 'C3'),
('A025', 1, 0.054546446299024, 'A025', 'C4'),
('A025', 1, 0.035714285714286, 'A025', 'C5'),
('A025', 5, 0.22026431718062, 'A026', 'C1'),
('A025', 0.333, 0.028141637792614, 'A026', 'C2'),
('A025', 2, 0.13114754098361, 'A026', 'C3'),
('A025', 0.5, 0.029411764705882, 'A026', 'C4'),
('A025', 1, 0.035714285714286, 'A026', 'C5'),
('A026', 0.2, 0.037906137184116, 'A005', 'C1'),
('A026', 0.33333333333333, 0.058479532163742, 'A005', 'C2'),
('A026', 1, 0.047178690715292, 'A005', 'C3'),
('A026', 2, 0.097660095942351, 'A005', 'C4'),
('A026', 0.33333333333333, 0.020404411764706, 'A005', 'C5'),
('A026', 0.2, 0.037135278514589, 'A006', 'C1'),
('A026', 2, 0.08955223880597, 'A006', 'C2'),
('A026', 4, 0.10811976752172, 'A006', 'C3'),
('A026', 2, 0.052632946020254, 'A006', 'C4'),
('A026', 0.33333333333333, 0.029181728557344, 'A006', 'C5'),
('A026', 2, 0.082644628099174, 'A009', 'C1'),
('A026', 2, 0.13477688960842, 'A009', 'C2'),
('A026', 0.5, 0.042243990633759, 'A009', 'C3'),
('A026', 0.2, 0.036170706181443, 'A009', 'C4'),
('A026', 0.25, 0.027829313543599, 'A009', 'C5'),
('A026', 2, 0.084388185654008, 'A012', 'C1'),
('A026', 0.5, 0.061962964382646, 'A012', 'C2'),
('A026', 0.33333333333333, 0.052331337513554, 'A012', 'C3'),
('A026', 0.25, 0.023365213869591, 'A012', 'C4'),
('A026', 0.2, 0.032774332481332, 'A012', 'C5'),
('A026', 0.2, 0.021660649819495, 'A015', 'C1'),
('A026', 2, 0.13556562007023, 'A015', 'C2'),
('A026', 1, 0.054794520547945, 'A015', 'C3'),
('A026', 2, 0.085715510221575, 'A015', 'C4'),
('A026', 0.5, 0.018524674916289, 'A015', 'C5'),
('A026', 5, 0.10639880952381, 'A019', 'C1'),
('A026', 0.33333333333333, 0.092191389324236, 'A019', 'C2'),
('A026', 0.33333333333333, 0.10575296108291, 'A019', 'C3'),
('A026', 0.33333333333333, 0.10900370612601, 'A019', 'C4'),
('A026', 0.2, 0.066305669134711, 'A019', 'C5'),
('A026', 2, 0.076335877862595, 'A022', 'C1'),
('A026', 1, 0.084507042253521, 'A022', 'C2'),
('A026', 0.5, 0.058254689502505, 'A022', 'C3'),
('A026', 0.5, 0.037037037037037, 'A022', 'C4'),
('A026', 0.25, 0.02027081813022, 'A022', 'C5'),
('A026', 0.2, 0.05808887598025, 'A025', 'C1'),
('A026', 3.003003003003, 0.096861681518791, 'A025', 'C2'),
('A026', 0.5, 0.044444444444444, 'A025', 'C3'),
('A026', 2, 0.10909289259805, 'A025', 'C4'),
('A026', 1, 0.035714285714286, 'A025', 'C5'),
('A026', 1, 0.044052863436123, 'A026', 'C1'),
('A026', 1, 0.084509422800642, 'A026', 'C2'),
('A026', 1, 0.065573770491803, 'A026', 'C3'),
('A026', 1, 0.058823529411765, 'A026', 'C4'),
('A026', 1, 0.035714285714286, 'A026', 'C5');

-- --------------------------------------------------------

--
-- Table structure for table `analisa_kriteria`
--

CREATE TABLE IF NOT EXISTS `analisa_kriteria` (
  `kriteria_pertama` varchar(2) NOT NULL,
  `nilai_analisa_kriteria` double NOT NULL,
  `hasil_analisa_kriteria` double NOT NULL,
  `kriteria_kedua` varchar(2) NOT NULL,
  PRIMARY KEY (`kriteria_pertama`,`kriteria_kedua`),
  KEY `kriteria_kedua` (`kriteria_kedua`)
) ENGINE=InnoDB DEFAULT CHARSET=latin1;

--
-- Dumping data for table `analisa_kriteria`
--

INSERT INTO `analisa_kriteria` (`kriteria_pertama`, `nilai_analisa_kriteria`, `hasil_analisa_kriteria`, `kriteria_kedua`) VALUES
('C1', 1, 0.48951048951049, 'C1'),
('C1', 2, 0.55555555555556, 'C2'),
('C1', 5, 0.42253521126761, 'C3'),
('C1', 5, 0.37037037037037, 'C4'),
('C1', 7, 0.38888888888889, 'C5'),
('C2', 0.5, 0.24475524475525, 'C1'),
('C2', 1, 0.27777777777778, 'C2'),
('C2', 5, 0.42253521126761, 'C3'),
('C2', 5, 0.37037037037037, 'C4'),
('C2', 5, 0.27777777777778, 'C5'),
('C3', 0.2, 0.097902097902098, 'C1'),
('C3', 0.2, 0.055555555555556, 'C2'),
('C3', 1, 0.084507042253521, 'C3'),
('C3', 2, 0.14814814814815, 'C4'),
('C3', 3, 0.16666666666667, 'C5'),
('C4', 0.2, 0.097902097902098, 'C1'),
('C4', 0.2, 0.055555555555556, 'C2'),
('C4', 0.5, 0.042253521126761, 'C3'),
('C4', 1, 0.074074074074074, 'C4'),
('C4', 2, 0.11111111111111, 'C5'),
('C5', 0.14285714285714, 0.069930069930069, 'C1'),
('C5', 0.2, 0.055555555555556, 'C2'),
('C5', 0.33333333333333, 0.028169014084507, 'C3'),
('C5', 0.5, 0.037037037037037, 'C4'),
('C5', 1, 0.055555555555556, 'C5');

-- --------------------------------------------------------

--
-- Table structure for table `data_alternatif`
--

CREATE TABLE IF NOT EXISTS `data_alternatif` (
  `id_alternatif` varchar(4) NOT NULL,
  `id_kelas` int(11) NOT NULL,
  `nis` char(18) NOT NULL,
  `nama` varchar(45) NOT NULL,
  `tempat_lahir` varchar(100) NOT NULL,
  `tanggal_lahir` date NOT NULL,
  `kelamin` enum('pria','wanita') NOT NULL,
  `alamat` varchar(255) NOT NULL,
  `hasil_akhir` double DEFAULT NULL,
  PRIMARY KEY (`id_alternatif`),
  KEY `id_kelas` (`id_kelas`)
) ENGINE=InnoDB DEFAULT CHARSET=latin1;

--
-- Dumping data for table `data_alternatif`
--

INSERT INTO `data_alternatif` (`id_alternatif`, `id_kelas`, `nis`, `nama`, `tempat_lahir`, `tanggal_lahir`, `kelamin`, `alamat`, `hasil_akhir`) VALUES
('A001', 1, '1605001', 'Siti Khoyriyah', 'Jombang', '2003-05-12', 'wanita', 'Jl. Wachid Hasyim, Jombang, Jawa Timur', NULL),
('A002', 1, '1605002', 'Retno Dwi Astuti', 'Madiun', '2002-01-02', 'wanita', 'Jl. Parikesit, Madiun, Jawa Timur', NULL),
('A003', 1, '1605003', 'Bagus Nurdiyanto', 'Blitar', '2003-08-07', 'pria', 'Jl. Jendral Yani, Blitar, Jawa Timur', NULL),
('A004', 1, '1605004', 'Deria Ruri Arlita', 'Randubelang', '2003-04-04', 'wanita', 'Jl. Cemara, Randubelang, Sewon, Yogyakarta', NULL),
('A005', 1, '1605005', 'Dianita Istikamawati', 'Sidoarjo', '2003-02-09', 'wanita', 'Jl. A. Yani, Sidoarjo, Jawa Timur', 0.16250509120996412),
('A006', 1, '1605006', 'Imam Muslim', 'Subang', '2004-04-17', 'pria', 'Jl. Pejuang, Pasar Impres, Subang, Jawa Barat', 0.11329476392494),
('A007', 1, '1605007', 'Esti Anggraini', 'Banjarmegara', '2003-10-09', 'wanita', 'Jl. Prajuritan, Banjarnegara, Jawa Tengah', NULL),
('A008', 1, '1605008', 'Imroatus Sholikhah', 'Yogyakarta', '2004-04-01', 'wanita', 'Desa Bumijo, Jetis, Yogyakarta', NULL),
('A009', 1, '1605009', 'Annis Kurniawati', 'Demak', '2003-03-16', 'wanita', 'Jl. Stasiun Bintaro, Demak, Jawa Tengah', 0.0769940579303537),
('A010', 1, '1605010', 'Endriyatun', 'Ciamis', '2003-12-06', 'pria', 'Jl. Jend Sudirman, Sindang Rasa, Jawa Barat', NULL),
('A011', 2, '1706001', 'Luhur Pambudi', 'Boyolali', '2002-04-22', 'pria', 'Jl. Pahlawan, Boyolali, Jawa Tengah', NULL),
('A012', 2, '1706002', 'Nurcahyani Saputri', 'Kretek', '2003-08-17', 'wanita', 'Desa Pangerejo, Kretek, Wonosobo, Jawa Tengah', 0.11392398107461309),
('A013', 2, '1706003', 'Riswanto', 'Bandar Lampung', '2001-09-05', 'pria', 'Jl. Hayam Wuruk, Bandar Lampung, Tanjung Karang', NULL),
('A014', 2, '1706004', 'Retno Yuli Ayu', 'Sipin', '2003-05-27', 'wanita', 'Jl. Kol Abujani, Sipin, Jambi, Sumatera Selatan', NULL),
('A015', 2, '1706005', 'Rini Susanti', 'Cilacap', '2003-02-06', 'wanita', 'Jl. Gatot Subroto, Cilacap, Jawa Tengah', 0.09351276840442971),
('A016', 2, '1706006', 'Ria Sugiarti', 'Palembang', '2002-08-25', 'wanita', 'Jl. Merdeka, Curup, Palembang', NULL),
('A017', 2, '1706007', 'Heni Tri Utami', 'Martapura', '2003-09-27', 'wanita', 'Jl. Merdeka, Cidawang, Martapura, Sumatera Selatan', NULL),
('A018', 2, '1706008', 'Karina Anggraini', 'Ciamis', '2003-11-23', 'wanita', 'Jl. Jend Sudirman, Sindang Rasa, Jawa Barat', NULL),
('A019', 2, '1706009', 'Irham Setia Budi', 'Gumawang', '2002-09-05', 'pria', 'Jl. Jend. Sudirman, Gumawang, Sumatera Selatan', 0.15751200298993392),
('A020', 2, '1706010', 'Sansul Ma''arif', 'Rejosari', '2003-07-07', 'pria', 'Desa Rejosari, Ogan Komering Ulu, Sumatera Selatan', NULL),
('A021', 3, '1807003', 'Yuni Sartika', 'Selomerto', '2000-04-19', 'wanita', 'Desa Kaliputih, Selomerto, Wonosobo, Jawa Tengah', NULL),
('A022', 3, '1807004', 'Cahya Saputra', 'Cempogo', '2001-05-01', 'pria', 'Desa Cabean, Cempogo, Boyolali, Jawa Tengah', 0.0738269216610756),
('A023', 3, '1807005', 'Rudi Cahyadi', 'Palembang', '2001-12-13', 'pria', 'Jl. Belinyu, Boom Baru, Palembang', NULL),
('A024', 3, '1807006', 'Indah Nurmalasari', 'Kota Bumi', '2002-01-09', 'wanita', 'Jl. Alamsyah, Kota Bumi, Lampung', NULL),
('A025', 3, '1807007', 'M. Miftahul Aziz', 'Banjarnegara', '2001-02-05', 'pria', 'Jl. Raya Gumiwang, Banjarnegara, Jawa Tengah', 0.13776162616984397),
('A026', 3, '1807008', 'Ariyani Utami', 'Semarang', '2001-02-03', 'wanita', 'Jl. Kyai Saleh, Semarang, Jawa Tengah', 0.07066878663484939),
('A027', 3, '1807009', 'Amin Basuki', 'Purworejo', '1999-03-06', 'pria', 'Jl. Proklamasi, Purworejo, Jawa Tengah', NULL),
('A028', 3, '1807010', 'Aditya Arif', 'Lampung Panjang', '2001-07-02', 'pria', 'Jl. Yos Sudarso, Lanpung Panjang, Panjang', NULL),
('A029', 3, '1807011', 'Nurul Aprianti', 'Pacitan', '2000-08-17', 'wanita', 'Jl. Ki Ageng Petung, Pacitan, Jawa Timur', NULL),
('A030', 3, '1807012', 'Mia Ulmadina', 'Ungaran', '2000-01-23', 'wanita', 'Jl. Jend Sudirman, Ungaran, Jawa Tengah', NULL);

-- --------------------------------------------------------

--
-- Table structure for table `data_kriteria`
--

CREATE TABLE IF NOT EXISTS `data_kriteria` (
  `id_kriteria` varchar(2) NOT NULL,
  `nama_kriteria` varchar(45) NOT NULL,
  `jumlah_kriteria` double NOT NULL,
  `bobot_kriteria` double NOT NULL,
  PRIMARY KEY (`id_kriteria`)
) ENGINE=InnoDB DEFAULT CHARSET=latin1;

--
-- Dumping data for table `data_kriteria`
--

INSERT INTO `data_kriteria` (`id_kriteria`, `nama_kriteria`, `jumlah_kriteria`, `bobot_kriteria`) VALUES
('C1', 'Lomba Nasional', 2.04285714285714, 0.44537210311858405),
('C2', 'Nilai Raport', 3.6000000000000005, 0.318643276389758),
('C3', 'Membaca Al-Qur''an', 11.83333333333333, 0.11055590210519899),
('C4', 'Membaca Kitab', 13.5, 0.0761792719539198),
('C5', 'Ekstrakulikuler', 18, 0.049249446432545);

-- --------------------------------------------------------

--
-- Table structure for table `jum_alt_kri`
--

CREATE TABLE IF NOT EXISTS `jum_alt_kri` (
  `id_alternatif` varchar(4) NOT NULL,
  `id_kriteria` varchar(2) NOT NULL,
  `jumlah_alt_kri` double NOT NULL,
  `skor_alt_kri` double NOT NULL,
  `hasil_alt_kri` double NOT NULL,
  PRIMARY KEY (`id_alternatif`,`id_kriteria`),
  KEY `id_kriteria` (`id_kriteria`)
) ENGINE=InnoDB DEFAULT CHARSET=latin1;

--
-- Dumping data for table `jum_alt_kri`
--

INSERT INTO `jum_alt_kri` (`id_alternatif`, `id_kriteria`, `jumlah_alt_kri`, `skor_alt_kri`, `hasil_alt_kri`) VALUES
('A005', 'C1', 5.276190476190471, 0.20255371058777225, 0.090211772078949),
('A005', 'C2', 5.699999999999991, 0.18161916675411777, 0.05787172634971),
('A005', 'C3', 21.196009996009998, 0.05697769698708954, 0.0062992206902844),
('A005', 'C4', 20.47919347919347, 0.0653373382220221, 0.0049773508571607),
('A005', 'C5', 16.33633633633633, 0.063859016936721, 0.00314502123386),
('A006', 'C1', 5.385714285714281, 0.19900178045056335, 0.08862984148361),
('A006', 'C2', 22.33333333333333, 0.04802381674426023, 0.015302466312132),
('A006', 'C3', 36.99600999601, 0.024756515592409503, 0.0027369789143003),
('A006', 'C4', 37.999012999013004, 0.024178578974878913, 0.0018419065431866),
('A006', 'C5', 11.422672672672661, 0.09712943024167665, 0.0047835706717111),
('A009', 'C1', 24.2, 0.045590632333675996, 0.020304795804955),
('A009', 'C2', 14.83933933933933, 0.06967581960766833, 0.022201731444929),
('A009', 'C3', 11.836003003003, 0.08751069886162723, 0.0096748242565036),
('A009', 'C4', 5.52933633633633, 0.23063858553481667, 0.017569879530524),
('A009', 'C5', 8.983333333333329, 0.14706412798694765, 0.0072428268934421),
('A012', 'C1', 23.7, 0.04983151443715344, 0.022193566386459),
('A012', 'C2', 8.069336336336331, 0.15918319822421523, 0.050722655828364),
('A012', 'C3', 6.369669669669661, 0.1856740526449711, 0.020527362387693),
('A012', 'C4', 10.69966666666666, 0.14462690284432933, 0.011017572163631),
('A012', 'C5', 6.1023363363363305, 0.19214072429071774, 0.0094628243084661),
('A015', 'C1', 9.23333333333333, 0.13164145573845676, 0.058629431999828),
('A015', 'C2', 14.753003003003, 0.07326429167307721, 0.023345173941084),
('A015', 'C3', 18.25, 0.05814557262693111, 0.0064283362351937),
('A015', 'C4', 23.333, 0.04051238427644134, 0.0030862039392967),
('A015', 'C5', 26.991026955098803, 0.041089239283104, 0.0020236222890273),
('A019', 'C1', 46.993006993007, 0.019024712345810935, 0.0084730761486799),
('A019', 'C2', 3.6156666666666597, 0.2517189703722111, 0.080208557448858),
('A019', 'C3', 3.15199999999999, 0.2942511378228967, 0.032531199987492),
('A019', 'C4', 3.0579999999999896, 0.2854135601148155, 0.021742597215323),
('A019', 'C5', 3.0163333333333306, 0.29556823972668334, 0.014556572189581),
('A022', 'C1', 26.2, 0.043070426196900886, 0.019182366297528),
('A022', 'C2', 11.83333333333333, 0.09314554658296434, 0.029680202144311),
('A022', 'C3', 8.583, 0.1264496873520069, 0.013979759256121),
('A022', 'C4', 13.5, 0.08024369833615956, 0.0061129065181386),
('A022', 'C5', 12.333, 0.09891862341335267, 0.004871687444977),
('A025', 'C1', 3.443, 0.2483289561236478, 0.11059878945403),
('A025', 'C2', 31.003003003003002, 0.030212881049466893, 0.0096271314067762),
('A025', 'C3', 11.25, 0.10193528561718923, 0.011269547457759),
('A025', 'C4', 18.333, 0.061326547540085895, 0.0046718117430512),
('A025', 'C5', 28, 0.03237287368115622, 0.0015943461082276),
('A026', 'C1', 22.7, 0.060956811786017785, 0.027148463464542),
('A026', 'C2', 11.833, 0.09315630899202201, 0.029683631513595),
('A026', 'C3', 15.25, 0.06429935249488133, 0.0071086729198518),
('A026', 'C4', 17, 0.06772240415645289, 0.0051590434436077),
('A026', 'C5', 28, 0.03185772443964144, 0.0015689752932529);

-- --------------------------------------------------------

--
-- Table structure for table `kelas`
--

CREATE TABLE IF NOT EXISTS `kelas` (
  `id_kelas` int(11) NOT NULL AUTO_INCREMENT,
  `nama_kelas` varchar(50) NOT NULL,
  PRIMARY KEY (`id_kelas`)
) ENGINE=InnoDB  DEFAULT CHARSET=latin1 AUTO_INCREMENT=4 ;

--
-- Dumping data for table `kelas`
--

INSERT INTO `kelas` (`id_kelas`, `nama_kelas`) VALUES
(1, 'Kelas Satu'),
(2, 'Kelas Dua'),
(3, 'Kelas Tiga');

-- --------------------------------------------------------

--
-- Table structure for table `nilai`
--

CREATE TABLE IF NOT EXISTS `nilai` (
  `id_nilai` int(11) NOT NULL AUTO_INCREMENT,
  `jum_nilai` double NOT NULL,
  `ket_nilai` text NOT NULL,
  PRIMARY KEY (`id_nilai`)
) ENGINE=InnoDB  DEFAULT CHARSET=latin1 AUTO_INCREMENT=23 ;

--
-- Dumping data for table `nilai`
--

INSERT INTO `nilai` (`id_nilai`, `jum_nilai`, `ket_nilai`) VALUES
(2, 9, 'Mutlak sangat penting dari'),
(3, 8, 'Mendekati mutlak dari'),
(8, 7, 'Sangat penting dari'),
(9, 6, 'Mendekati sangat penting dari'),
(10, 5, 'Lebih penting dari'),
(11, 4, 'Mendekati lebih penting dari'),
(12, 3, 'Sedikit lebih penting dari'),
(13, 2, 'Mendekati sedikit lebih penting dari'),
(14, 1, 'Sama penting dengan'),
(15, 0.5, '1 bagi mendekati sedikit lebih penting dari'),
(16, 0.333, '1 bagi sedikit lebih penting dari'),
(17, 0.25, '1 bagi mendekati lebih penting dari'),
(18, 0.2, '1 bagi lebih penting dari'),
(19, 0.167, '1 bagi mendekati sangat penting dari'),
(20, 0.143, '1 bagi sangat penting dari'),
(21, 0.125, '1 bagi mendekati mutlak dari'),
(22, 0.1, '1 bagi mutlak sangat penting dari');

-- --------------------------------------------------------

--
-- Table structure for table `nilai_awal`
--

CREATE TABLE IF NOT EXISTS `nilai_awal` (
  `id_nilai_awal` int(11) NOT NULL AUTO_INCREMENT,
  `id_alternatif` varchar(4) NOT NULL,
  `nilai` varchar(5) NOT NULL,
  `keterangan` enum('B','C','K') NOT NULL,
  `periode` varchar(4) NOT NULL,
  PRIMARY KEY (`id_nilai_awal`,`id_alternatif`),
  KEY `alternatif` (`id_alternatif`)
) ENGINE=InnoDB  DEFAULT CHARSET=latin1 AUTO_INCREMENT=57 ;

--
-- Dumping data for table `nilai_awal`
--

INSERT INTO `nilai_awal` (`id_nilai_awal`, `id_alternatif`, `nilai`, `keterangan`, `periode`) VALUES
(27, 'A001', '64', 'C', '2019'),
(28, 'A002', '60', 'K', '2019'),
(29, 'A003', '52.4', 'K', '2019'),
(30, 'A004', '57.2', 'K', '2019'),
(31, 'A005', '76.4', 'B', '2019'),
(32, 'A006', '70.6', 'B', '2019'),
(33, 'A007', '61.8', 'C', '2019'),
(34, 'A008', '60', 'K', '2019'),
(35, 'A009', '77.2', 'B', '2019'),
(36, 'A010', '61.4', 'C', '2019'),
(37, 'A011', '61.8', 'C', '2019'),
(38, 'A012', '78.8', 'B', '2019'),
(39, 'A013', '58', 'K', '2019'),
(40, 'A014', '58.2', 'K', '2019'),
(41, 'A015', '74', 'B', '2019'),
(42, 'A016', '58.4', 'K', '2019'),
(43, 'A017', '61', 'C', '2019'),
(44, 'A018', '58.8', 'K', '2019'),
(45, 'A019', '70.2', 'B', '2019'),
(46, 'A020', '54.6', 'K', '2019'),
(47, 'A021', '57.6', 'K', '2019'),
(48, 'A022', '76', 'B', '2019'),
(49, 'A023', '62', 'C', '2019'),
(50, 'A024', '60', 'K', '2019'),
(51, 'A025', '74.4', 'B', '2019'),
(52, 'A026', '73.4', 'B', '2019'),
(53, 'A027', '62.6', 'C', '2019'),
(54, 'A028', '60', 'K', '2019'),
(55, 'A029', '59', 'K', '2019'),
(56, 'A030', '57.6', 'K', '2019');

-- --------------------------------------------------------

--
-- Table structure for table `nilai_awal_detail`
--

CREATE TABLE IF NOT EXISTS `nilai_awal_detail` (
  `id_nilai_awal_detail` int(11) NOT NULL AUTO_INCREMENT,
  `id_nilai_awal` int(11) NOT NULL,
  `id_kriteria` varchar(2) NOT NULL,
  `nilai` int(2) NOT NULL,
  PRIMARY KEY (`id_nilai_awal_detail`,`id_nilai_awal`),
  KEY `alternatif` (`id_nilai_awal`),
  KEY `id_kriteria` (`id_kriteria`)
) ENGINE=InnoDB  DEFAULT CHARSET=latin1 AUTO_INCREMENT=151 ;

--
-- Dumping data for table `nilai_awal_detail`
--

INSERT INTO `nilai_awal_detail` (`id_nilai_awal_detail`, `id_nilai_awal`, `id_kriteria`, `nilai`) VALUES
(1, 27, 'C1', 0),
(2, 27, 'C2', 75),
(3, 27, 'C3', 85),
(4, 27, 'C4', 85),
(5, 27, 'C5', 75),
(6, 28, 'C1', 0),
(7, 28, 'C2', 80),
(8, 28, 'C3', 80),
(9, 28, 'C4', 60),
(10, 28, 'C5', 80),
(11, 29, 'C1', 0),
(12, 29, 'C2', 70),
(13, 29, 'C3', 55),
(14, 29, 'C4', 80),
(15, 29, 'C5', 57),
(16, 30, 'C1', 0),
(17, 30, 'C2', 73),
(18, 30, 'C3', 80),
(19, 30, 'C4', 61),
(20, 30, 'C5', 72),
(21, 31, 'C1', 80),
(22, 31, 'C2', 82),
(23, 31, 'C3', 74),
(24, 31, 'C4', 71),
(25, 31, 'C5', 75),
(26, 32, 'C1', 80),
(27, 32, 'C2', 75),
(28, 32, 'C3', 60),
(29, 32, 'C4', 58),
(30, 32, 'C5', 80),
(31, 33, 'C1', 0),
(32, 33, 'C2', 82),
(33, 33, 'C3', 71),
(34, 33, 'C4', 83),
(35, 33, 'C5', 73),
(36, 34, 'C1', 0),
(37, 34, 'C2', 70),
(38, 34, 'C3', 84),
(39, 34, 'C4', 71),
(40, 34, 'C5', 75),
(41, 35, 'C1', 70),
(42, 35, 'C2', 76),
(43, 35, 'C3', 75),
(44, 35, 'C4', 84),
(45, 35, 'C5', 81),
(46, 36, 'C1', 0),
(47, 36, 'C2', 81),
(48, 36, 'C3', 73),
(49, 36, 'C4', 74),
(50, 36, 'C5', 79),
(51, 37, 'C1', 0),
(52, 37, 'C2', 71),
(53, 37, 'C3', 88),
(54, 37, 'C4', 81),
(55, 37, 'C5', 69),
(56, 38, 'C1', 70),
(57, 38, 'C2', 80),
(58, 38, 'C3', 80),
(59, 38, 'C4', 79),
(60, 38, 'C5', 85),
(61, 39, 'C1', 0),
(62, 39, 'C2', 73),
(63, 39, 'C3', 71),
(64, 39, 'C4', 68),
(65, 39, 'C5', 78),
(66, 40, 'C1', 0),
(67, 40, 'C2', 75),
(68, 40, 'C3', 81),
(69, 40, 'C4', 65),
(70, 40, 'C5', 70),
(71, 41, 'C1', 77),
(72, 41, 'C2', 76),
(73, 41, 'C3', 74),
(74, 41, 'C4', 70),
(75, 41, 'C5', 73),
(76, 42, 'C1', 0),
(77, 42, 'C2', 72),
(78, 42, 'C3', 75),
(79, 42, 'C4', 69),
(80, 42, 'C5', 76),
(81, 43, 'C1', 0),
(82, 43, 'C2', 82),
(83, 43, 'C3', 71),
(84, 43, 'C4', 77),
(85, 43, 'C5', 75),
(86, 44, 'C1', 0),
(87, 44, 'C2', 78),
(88, 44, 'C3', 69),
(89, 44, 'C4', 78),
(90, 44, 'C5', 69),
(91, 45, 'C1', 0),
(92, 45, 'C2', 83),
(93, 45, 'C3', 90),
(94, 45, 'C4', 88),
(95, 45, 'C5', 90),
(96, 46, 'C1', 0),
(97, 46, 'C2', 70),
(98, 46, 'C3', 70),
(99, 46, 'C4', 65),
(100, 46, 'C5', 68),
(101, 47, 'C1', 0),
(102, 47, 'C2', 72),
(103, 47, 'C3', 73),
(104, 47, 'C4', 75),
(105, 47, 'C5', 68),
(106, 48, 'C1', 70),
(107, 48, 'C2', 78),
(108, 48, 'C3', 78),
(109, 48, 'C4', 74),
(110, 48, 'C5', 80),
(111, 49, 'C1', 0),
(112, 49, 'C2', 75),
(113, 49, 'C3', 77),
(114, 49, 'C4', 80),
(115, 49, 'C5', 78),
(116, 50, 'C1', 0),
(117, 50, 'C2', 74),
(118, 50, 'C3', 73),
(119, 50, 'C4', 75),
(120, 50, 'C5', 78),
(121, 51, 'C1', 82),
(122, 51, 'C2', 72),
(123, 51, 'C3', 76),
(124, 51, 'C4', 72),
(125, 51, 'C5', 70),
(126, 52, 'C1', 71),
(127, 52, 'C2', 78),
(128, 52, 'C3', 74),
(129, 52, 'C4', 74),
(130, 52, 'C5', 70),
(131, 53, 'C1', 0),
(132, 53, 'C2', 73),
(133, 53, 'C3', 82),
(134, 53, 'C4', 80),
(135, 53, 'C5', 78),
(136, 54, 'C1', 0),
(137, 54, 'C2', 76),
(138, 54, 'C3', 73),
(139, 54, 'C4', 75),
(140, 54, 'C5', 76),
(141, 55, 'C1', 0),
(142, 55, 'C2', 79),
(143, 55, 'C3', 74),
(144, 55, 'C4', 72),
(145, 55, 'C5', 70),
(146, 56, 'C1', 0),
(147, 56, 'C2', 73),
(148, 56, 'C3', 70),
(149, 56, 'C4', 70),
(150, 56, 'C5', 75);

-- --------------------------------------------------------

--
-- Table structure for table `pengguna`
--

CREATE TABLE IF NOT EXISTS `pengguna` (
  `id_pengguna` int(11) NOT NULL AUTO_INCREMENT,
  `nama_lengkap` varchar(255) NOT NULL,
  `role` enum('kesiswaan','waka') NOT NULL,
  `username` varchar(100) NOT NULL,
  `password` varchar(100) NOT NULL,
  PRIMARY KEY (`id_pengguna`)
) ENGINE=InnoDB  DEFAULT CHARSET=latin1 AUTO_INCREMENT=5 ;

--
-- Dumping data for table `pengguna`
--

INSERT INTO `pengguna` (`id_pengguna`, `nama_lengkap`, `role`, `username`, `password`) VALUES
(1, 'Humaid', 'kesiswaan', 'kesiswaan', 'accc7841ce41b0f788a737bf9798ea4f'),
(4, 'Muhammad', 'waka', 'muhammad', 'a7777999e260290f68a1455cacdabf6c');

-- --------------------------------------------------------

--
-- Table structure for table `ranking`
--

CREATE TABLE IF NOT EXISTS `ranking` (
  `kriteria` varchar(2) NOT NULL,
  `skor_bobot` double NOT NULL,
  `alternatif` varchar(4) NOT NULL,
  PRIMARY KEY (`kriteria`,`alternatif`),
  KEY `alternatif` (`alternatif`)
) ENGINE=InnoDB DEFAULT CHARSET=latin1;

--
-- Constraints for dumped tables
--

--
-- Constraints for table `analisa_alternatif`
--
ALTER TABLE `analisa_alternatif`
  ADD CONSTRAINT `analisa_alternatif_ibfk_1` FOREIGN KEY (`id_kriteria`) REFERENCES `data_kriteria` (`id_kriteria`) ON DELETE CASCADE ON UPDATE CASCADE,
  ADD CONSTRAINT `analisa_alternatif_ibfk_2` FOREIGN KEY (`alternatif_pertama`) REFERENCES `data_alternatif` (`id_alternatif`) ON DELETE CASCADE ON UPDATE CASCADE,
  ADD CONSTRAINT `analisa_alternatif_ibfk_3` FOREIGN KEY (`alternatif_kedua`) REFERENCES `data_alternatif` (`id_alternatif`) ON DELETE CASCADE ON UPDATE CASCADE;

--
-- Constraints for table `analisa_kriteria`
--
ALTER TABLE `analisa_kriteria`
  ADD CONSTRAINT `analisa_kriteria_ibfk_1` FOREIGN KEY (`kriteria_pertama`) REFERENCES `data_kriteria` (`id_kriteria`) ON DELETE CASCADE ON UPDATE CASCADE,
  ADD CONSTRAINT `analisa_kriteria_ibfk_2` FOREIGN KEY (`kriteria_kedua`) REFERENCES `data_kriteria` (`id_kriteria`) ON DELETE CASCADE ON UPDATE CASCADE;

--
-- Constraints for table `data_alternatif`
--
ALTER TABLE `data_alternatif`
  ADD CONSTRAINT `data_alternatif_ibfk_1` FOREIGN KEY (`id_kelas`) REFERENCES `kelas` (`id_kelas`) ON DELETE CASCADE ON UPDATE CASCADE;

--
-- Constraints for table `jum_alt_kri`
--
ALTER TABLE `jum_alt_kri`
  ADD CONSTRAINT `jum_alt_kri_ibfk_1` FOREIGN KEY (`id_kriteria`) REFERENCES `data_kriteria` (`id_kriteria`) ON DELETE CASCADE ON UPDATE CASCADE,
  ADD CONSTRAINT `jum_alt_kri_ibfk_2` FOREIGN KEY (`id_alternatif`) REFERENCES `data_alternatif` (`id_alternatif`) ON DELETE CASCADE ON UPDATE CASCADE;

--
-- Constraints for table `nilai_awal`
--
ALTER TABLE `nilai_awal`
  ADD CONSTRAINT `nilai_awal_ibfk_1` FOREIGN KEY (`id_alternatif`) REFERENCES `data_alternatif` (`id_alternatif`) ON DELETE CASCADE ON UPDATE CASCADE;

--
-- Constraints for table `nilai_awal_detail`
--
ALTER TABLE `nilai_awal_detail`
  ADD CONSTRAINT `nilai_awal_detail_ibfk_1` FOREIGN KEY (`id_kriteria`) REFERENCES `data_kriteria` (`id_kriteria`) ON DELETE CASCADE ON UPDATE CASCADE,
  ADD CONSTRAINT `nilai_awal_detail_ibfk_2` FOREIGN KEY (`id_nilai_awal`) REFERENCES `nilai_awal` (`id_nilai_awal`) ON DELETE CASCADE ON UPDATE CASCADE;

--
-- Constraints for table `ranking`
--
ALTER TABLE `ranking`
  ADD CONSTRAINT `ranking_ibfk_1` FOREIGN KEY (`kriteria`) REFERENCES `data_kriteria` (`id_kriteria`) ON DELETE CASCADE ON UPDATE CASCADE,
  ADD CONSTRAINT `ranking_ibfk_2` FOREIGN KEY (`alternatif`) REFERENCES `data_alternatif` (`id_alternatif`) ON DELETE CASCADE ON UPDATE CASCADE;

/*!40101 SET CHARACTER_SET_CLIENT=@OLD_CHARACTER_SET_CLIENT */;
/*!40101 SET CHARACTER_SET_RESULTS=@OLD_CHARACTER_SET_RESULTS */;
/*!40101 SET COLLATION_CONNECTION=@OLD_COLLATION_CONNECTION */;
